documento,nombre,area,fecha_ingreso,fecha_cese
41032767,Trabajador 001,Cobranzas,2019-02-13,2024-02-12
42585701,Trabajador 002,Créditos,2013-01-19,2018-09-10
44436035,Trabajador 003,Administración,2021-11-27,2024-12-09
49577287,Trabajador 004,Captaciones,2017-12-15,2024-10-07
49981556,Trabajador 005,Cobranzas,2012-05-01,2015-12-18
49969093,Trabajador 006,Sistemas,2024-08-19,
44583788,Trabajador 007,Administración,2021-10-08,
48628425,Trabajador 008,Sistemas,2015-01-19,2019-05-29
44839015,Trabajador 009,Administración,2018-07-07,2023-06-20
46121521,Trabajador 010,Riesgos,2021-06-27,2025-06-25
43999767,Trabajador 011,Riesgos,2017-03-26,2022-12-13
41094646,Trabajador 012,Operaciones,2024-07-23,
44080115,Trabajador 013,Sistemas,2024-10-18,
46503563,Trabajador 014,Sistemas,2017-01-05,2019-12-23
49877080,Trabajador 015,Operaciones,2016-06-25,
49080333,Trabajador 016,Sistemas,2023-03-15,
49999752,Trabajador 017,Contabilidad,2014-10-08,
42171896,Trabajador 018,Créditos,2016-02-27,
44810275,Trabajador 019,Contabilidad,2016-04-16,
41692161,Trabajador 020,Captaciones,2019-12-25,
43606579,Trabajador 021,Riesgos,2023-09-08,
46221864,Trabajador 022,Operaciones,2013-03-19,
46108620,Trabajador 023,Riesgos,2015-11-24,
43395132,Trabajador 024,Contabilidad,2022-04-01,
43988016,Trabajador 025,Cobranzas,2013-07-28,
46603524,Trabajador 026,Operaciones,2020-12-04,
41271370,Trabajador 027,Captaciones,2024-06-12,
43747278,Trabajador 028,Administración,2014-12-17,
48885980,Trabajador 029,Operaciones,2015-01-08,
46602126,Trabajador 030,Créditos,2019-07-07,
45114170,Trabajador 031,Cobranzas,2022-09-21,
49015856,Trabajador 032,Administración,2019-12-05,
49254388,Trabajador 033,Contabilidad,2015-06-27,
41196093,Trabajador 034,Administración,2020-12-22,
42950431,Trabajador 035,Captaciones,2012-11-23,
45302008,Trabajador 036,Sistemas,2020-02-27,
41882562,Trabajador 037,Sistemas,2013-02-25,
49943729,Trabajador 038,Cobranzas,2013-04-01,
46605578,Trabajador 039,Captaciones,2020-10-18,
46230716,Trabajador 040,Riesgos,2022-11-24,
40471925,Trabajador 041,Operaciones,2013-01-07,
42770712,Trabajador 042,Operaciones,2017-06-04,
46861391,Trabajador 043,Contabilidad,2023-09-26,
49636140,Trabajador 044,Contabilidad,2022-03-12,
48835910,Trabajador 045,Créditos,2023-03-15,
40874814,Trabajador 046,Captaciones,2024-04-26,
46262812,Trabajador 047,Riesgos,2020-05-02,
44758965,Trabajador 048,Operaciones,2019-01-11,
41240719,Trabajador 049,Sistemas,2023-11-28,
47023297,Trabajador 050,Cobranzas,2019-10-21,
46755488,Trabajador 051,Sistemas,2021-05-13,
43789213,Trabajador 052,Cobranzas,2017-11-23,
45863362,Trabajador 053,Cobranzas,2017-03-07,
42486768,Trabajador 054,Operaciones,2012-02-11,
47406679,Trabajador 055,Contabilidad,2014-10-15,
41429483,Trabajador 056,Créditos,2012-09-22,
45779316,Trabajador 057,Administración,2024-10-01,
40260743,Trabajador 058,Cobranzas,2012-11-23,
44197613,Trabajador 059,Créditos,2020-05-24,
45438530,Trabajador 060,Cobranzas,2017-08-19,
41673013,Trabajador 061,Contabilidad,2023-02-26,
48032832,Trabajador 062,Créditos,2023-03-06,
45376823,Trabajador 063,Administración,2014-05-25,
48124613,Trabajador 064,Contabilidad,2012-12-19,
49174477,Trabajador 065,Contabilidad,2022-08-10,
40566194,Trabajador 066,Contabilidad,2021-10-03,
41497905,Trabajador 067,Sistemas,2019-03-10,
43763536,Trabajador 068,Riesgos,2023-08-22,
46897246,Trabajador 069,Administración,2016-04-12,
41061077,Trabajador 070,Riesgos,2023-08-04,
47862298,Trabajador 071,Administración,2015-09-01,
42024209,Trabajador 072,Riesgos,2017-10-25,
47450899,Trabajador 073,Administración,2023-01-12,
44295995,Trabajador 074,Créditos,2013-10-23,
43352852,Trabajador 075,Contabilidad,2018-09-25,
41830323,Trabajador 076,Operaciones,2014-11-26,
47825136,Trabajador 077,Riesgos,2023-07-11,
40410989,Trabajador 078,Operaciones,2012-05-05,
40061843,Trabajador 079,Créditos,2019-04-02,
44462108,Trabajador 080,Contabilidad,2012-05-15,
45198105,Trabajador 081,Riesgos,2012-03-24,
43760342,Trabajador 082,Administración,2012-08-14,
48836555,Trabajador 083,Operaciones,2023-05-13,
49291372,Trabajador 084,Administración,2016-02-27,
45541702,Trabajador 085,Contabilidad,2020-11-12,
45408220,Trabajador 086,Contabilidad,2020-02-10,
43486868,Trabajador 087,Captaciones,2013-06-11,
40711534,Trabajador 088,Contabilidad,2016-10-18,
43388967,Trabajador 089,Operaciones,2012-03-18,
41004865,Trabajador 090,Créditos,2023-11-24,
42604868,Trabajador 091,Sistemas,2012-09-27,
45634326,Trabajador 092,Sistemas,2016-12-10,
47112217,Trabajador 093,Cobranzas,2017-02-10,
42942232,Trabajador 094,Contabilidad,2019-01-24,
47279228,Trabajador 095,Cobranzas,2013-10-15,
49675799,Trabajador 096,Operaciones,2013-09-06,
