usuario,documento,perfil,estado,ultimo_acceso
u054,45634326,CONSULTA,activo,2025-08-08
u069,44436035,OPERADOR,activo,2025-11-01
u084,49174477,ANALISTA,activo,2025-07-02
u077,41094646,ADMIN,activo,2025-08-18
u074,42604868,JEFE,activo,2025-09-12
u021,41882562,CONSULTA,activo,2025-04-06
proveedor_core_2,,ANALISTA,activo,2025-05-10
u063,43760342,ANALISTA,activo,2025-06-07
x004,48628425,CONSULTA,activo,2025-01-28
u013,48885980,ADMIN,activo,2025-08-17
u066,42942232,JEFE,activo,2025-08-17
u024,41692161,ADMIN,activo,2025-09-22
u037,48836555,ANALISTA,activo,2025-12-03
u014,42950431,CONSULTA,activo,2025-11-12
x001,44839015,ADMIN,activo,2025-04-21
u053,49675799,ADMIN,activo,2025-10-08
u030,42585701,ADMIN,activo,2025-07-21
u089,46897246,OPERADOR,activo,2025-12-22
u031,44758965,ANALISTA,activo,2025-11-25
u028,49877080,CONSULTA,activo,2025-08-28
u051,49015856,ADMIN,activo,2025-10-04
u064,40260743,ADMIN,activo,2025-11-13
u010,42486768,OPERADOR,activo,2025-08-02
u029,43763536,JEFE,activo,2025-10-13
u003,44839015,ADMIN,activo,2025-02-25
u032,43747278,ADMIN,activo,2025-04-13
u011,49254388,OPERADOR,activo,2025-08-20
u065,47825136,ANALISTA,activo,2025-04-23
u055,40471925,ADMIN,activo,2025-01-28
u085,46861391,ANALISTA,activo,2025-08-02
u006,41830323,ADMIN,activo,2025-06-22
consulta01_2,,ANALISTA,activo,2025-08-02
u026,46221864,OPERADOR,activo,2025-04-20
x002,46121521,JEFE,activo,2025-04-25
u070,47279228,CONSULTA,activo,2025-10-15
temporal,,ADMIN,activo,2025-04-09
u020,40566194,ADMIN,activo,2025-12-05
x006,42585701,OPERADOR,activo,2025-04-08
u050,41673013,ANALISTA,activo,2025-01-10
u079,45541702,JEFE,activo,2025-01-19
u046,41240719,OPERADOR,activo,2025-11-17
u073,48032832,JEFE,activo,2025-08-05
u057,46602126,JEFE,activo,2025-10-08
interfaz_sbs_2,,CONSULTA,activo,2025-02-07
temporal_3,,ANALISTA,activo,2025-12-06
u067,45438530,OPERADOR,activo,2025-06-10
u068,48124613,CONSULTA,activo,2025-05-08
u049,45376823,ANALISTA,activo,2025-07-03
x005,44436035,JEFE,activo,2025-09-14
u090,49999752,ANALISTA,activo,2025-05-02
u082,48835910,ADMIN,activo,2025-09-13
u012,45114170,CONSULTA,activo,2025-09-06
sistemas,,OPERADOR,activo,2025-08-07
u044,49636140,ANALISTA,activo,2025-06-01
u027,45302008,ADMIN,activo,2025-03-12
soporte_3,,JEFE,activo,2025-03-27
temporal_2,,CONSULTA,activo,2025-07-19
u056,43388967,OPERADOR,activo,2025-01-12
interfaz_sbs,,CONSULTA,activo,2025-06-03
u043,49577287,ANALISTA,activo,2025-01-06
auditoria_ext_2,,OPERADOR,activo,2025-03-15
u038,40061843,OPERADOR,activo,2025-06-26
u088,45408220,CONSULTA,activo,2025-09-28
u025,46605578,CONSULTA,activo,2025-03-23
u060,46603524,ANALISTA,activo,2025-11-20
u052,47406679,OPERADOR,activo,2025-01-24
u002,43606579,JEFE,activo,2025-09-04
sistemas_3,,ANALISTA,activo,2025-07-17
consulta01_3,,ADMIN,activo,2025-05-23
u041,47023297,ADMIN,activo,2025-03-25
u078,41497905,ANALISTA,activo,2025-11-28
u086,47112217,JEFE,activo,2025-11-18
u034,44810275,ADMIN,activo,2025-12-05
backup_2,,CONSULTA,activo,2025-11-18
u023,46121521,JEFE,activo,2025-07-20
backup_3,,ADMIN,activo,2025-08-14
u019,41196093,OPERADOR,activo,2025-12-03
u017,48628425,ADMIN,activo,2025-02-08
u015,46262812,CONSULTA,activo,2025-03-11
backup,,ADMIN,activo,2025-09-12
u072,41032767,ADMIN,activo,2025-06-26
u008,43789213,ADMIN,activo,2025-01-11
u018,45863362,JEFE,activo,2025-03-25
u016,49291372,OPERADOR,activo,2025-10-27
u075,44583788,CONSULTA,activo,2025-06-05
u062,49969093,CONSULTA,activo,2025-08-16
u076,43395132,ADMIN,activo,2025-12-11
u035,44197613,CONSULTA,activo,2025-02-07
u083,46755488,JEFE,activo,2025-08-21
u004,41271370,JEFE,activo,2025-10-13
auditoria_ext,,CONSULTA,activo,2025-05-09
u009,40874814,ADMIN,activo,2025-06-25
u087,42024209,ANALISTA,activo,2025-03-13
u039,42171896,OPERADOR,activo,2025-03-05
sistemas_2,,CONSULTA,activo,2025-01-03
u033,41061077,ADMIN,activo,2025-04-14
u022,44295995,ADMIN,activo,2025-07-19
u036,43988016,ANALISTA,activo,2025-07-23
u071,43352852,ANALISTA,activo,2025-04-19
soporte,,ANALISTA,activo,2025-05-10
proveedor_core,,CONSULTA,activo,2025-04-05
u058,49080333,CONSULTA,activo,2025-06-09
u040,46230716,OPERADOR,activo,2025-08-08
consulta01,,OPERADOR,activo,2025-09-08
u042,44462108,ANALISTA,activo,2025-03-25
interfaz_sbs_3,,OPERADOR,activo,2025-12-20
u048,46503563,OPERADOR,activo,2025-12-09
u001,44080115,ANALISTA,activo,2025-05-22
u081,40410989,ANALISTA,activo,2025-05-13
u059,49981556,CONSULTA,activo,2025-08-16
u045,45779316,ANALISTA,activo,2025-12-24
u005,43999767,ANALISTA,activo,2025-10-06
u080,41429483,OPERADOR,activo,2025-04-22
u061,41004865,JEFE,activo,2025-07-17
x003,43999767,CONSULTA,activo,2025-08-13
u047,42770712,JEFE,activo,2025-09-18
soporte_2,,OPERADOR,activo,2025-08-01
u007,46108620,CONSULTA,activo,2025-02-03
